3383430.jpg,[banana]
9071244.jpg,[banana]
1715218.jpg,[orange]
2584986.jpg,[orange]
3025786.jpg,[orange]
2130270.jpg,[apple]
4335250.jpg,[banana]
6750143.jpg,[orange]
9511340.jpg,[apple]
6361494.jpg,[apple]
9961678.jpg,[apple]
3908825.jpg,[banana]
9999183.jpg,[banana]
6833691.jpg,[orange]
3224044.jpg,[orange]
3214299.jpg,[apple]
3496506.jpg,[banana]
2120321.jpg,[banana]
4544433.jpg,[apple]
8922316.jpg,[banana]
3018746.jpg,[apple]
5871707.jpg,[apple]
9653494.jpg,[orange]
2387392.jpg,[apple]
8297505.jpg,[orange]
7963003.jpg,[orange]
4783824.jpg,[orange]
7633179.jpg,[apple]
6066415.jpg,[orange]
5041411.jpg,[orange]
4678415.jpg,[apple]
7940431.jpg,[orange]
3777342.jpg,[apple]
9884712.jpg,[banana]
9899440.jpg,[orange]
1689226.jpg,[banana]
8390425.jpg,[apple]
9693628.jpg,[apple]
3334210.jpg,[banana]
2506487.jpg,[apple]
3587306.jpg,[apple]
8132975.jpg,[apple]
9457914.jpg,[orange]
3870596.jpg,[banana]
2193214.jpg,[apple]
8840928.jpg,[apple]
3912038.jpg,[orange]
1563689.jpg,[apple]
9478599.jpg,[banana]
2400881.jpg,[banana]
8299216.jpg,[banana]
7914431.jpg,[apple]
1260193.jpg,[banana]
1868839.jpg,[orange]
1168697.jpg,[apple]
2801789.jpg,[orange]
1169403.jpg,[apple]
6708673.jpg,[apple]
7743207.jpg,[apple]
2908644.jpg,[apple]
3733291.jpg,[orange]
2009869.jpg,[banana]
3011846.jpg,[banana]
1831888.jpg,[apple]
4348433.jpg,[apple]
9028156.jpg,[orange]
8404234.jpg,[orange]
9279135.jpg,[banana]
8258272.jpg,[apple]
1813817.jpg,[banana]
8164095.jpg,[banana]
2229054.jpg,[banana]
5030595.jpg,[banana]
6832791.jpg,[orange]
8882486.jpg,[orange]
5848697.jpg,[apple]
8884062.jpg,[banana]
5145451.jpg,[apple]
9465389.jpg,[apple]
5923380.jpg,[apple]
4733883.jpg,[apple]
8705366.jpg,[banana]
7126986.jpg,[orange]
8903147.jpg,[banana]
2236952.jpg,[orange]
9656420.jpg,[banana]
9638885.jpg,[orange]
6461325.jpg,[banana]
4985315.jpg,[banana]
1344609.jpg,[apple]
9048642.jpg,[apple]
7555130.jpg,[banana]
7078459.jpg,[orange]
2746994.jpg,[banana]
9791411.jpg,[apple]
7310967.jpg,[banana]
4679077.jpg,[banana]
9638460.jpg,[banana]
3560121.jpg,[orange]
8159023.jpg,[apple]
